{
  "total_documents": 50,
  "refined_documents": 43,
  "llm_fallback_rate": 0.02,
  "average_uncertainty": {
    "alignment": 0.7563606119155883,
    "clarity": 0.4733929497003555,
    "implementability": 0.5219297075271606,
    "novelty": 0.6537536728382111,
    "relevance": 0.621871018409729
  },
  "dimension_refinement_rate": {
    "alignment": 0.8,
    "clarity": 0.0,
    "implementability": 0.0,
    "novelty": 0.3,
    "relevance": 0.1
  }
}