{
  "total_documents": 50,
  "refined_documents": 41,
  "llm_fallback_rate": 0.02,
  "average_uncertainty": {
    "alignment": 0.5198062878847122,
    "clarity": 0.4796461060643196,
    "implementability": 0.7683742678165436,
    "novelty": 0.5670993936061859,
    "relevance": 0.5923511970043183
  },
  "dimension_refinement_rate": {
    "alignment": 0.08,
    "clarity": 0.0,
    "implementability": 0.8,
    "novelty": 0.02,
    "relevance": 0.08
  }
}